Timestamp,Event
2025-10-21 18:40:54,User Natalia logon successful from IP 192.168.195.132 at 2025-10-21 18:40:54
2025-10-21 16:59:35,User Luiza logon successful from IP 192.168.35.129 at 2025-10-21 16:59:35
2025-10-23 17:01:18,User Luiza logon successful at 2025-10-23 17:01:18
2025-10-14 12:33:41,User Jo√£o logon successful at 2025-10-14 12:33:41
2025-10-16 09:35:43,User Miguel logon successful from IP 192.168.188.81 at 2025-10-16 09:35:43
2025-10-20 10:41:11,User Maria logon successful at 2025-10-20 10:41:11
2025-10-19 18:10:01,User Thais logon successful at 2025-10-19 18:10:01
2025-10-19 15:57:42,User Ana logon successful at 2025-10-19 15:57:42
2025-10-10 04:47:54,User Maria logon successful from IP 192.168.45.164 at 2025-10-10 04:47:54
2025-10-20 11:23:54,User Pedro logon successful at 2025-10-20 11:23:54
2025-10-15 09:21:37,User Miguel logon successful from IP 154.118.220.44 at 2025-10-15 09:21:37
